1,0,Robot Shaped Hat&Scarf,"Handmade cute Robot pattern, eye-catching and beautiful (Scarf + hat) $15-$16",children/hat/small/robot-small.png,children/hat/big/hat1-big.png,0,15,16,0,0,0,0,"<form target=""paypal"" action=""https://www.paypal.com/cgi-bin/webscr"" method=""post"">
<input type=""hidden"" name=""cmd"" value=""_s-xclick"">
<input type=""hidden"" name=""hosted_button_id"" value=""F8Q59MUREFR68"">
<table>
<tr><td><input type=""hidden"" name=""on0"" value=""sizes"">sizes</td></tr><tr><td><select name=""os0"">
 <option value=""6-12MONTH"">6-12MONTH $15.00 USD</option>
 <option value=""12-24MONTH"">12-24MONTH $16.00 USD</option>
</select> </td></tr>
</table>
<input type=""hidden"" name=""currency_code"" value=""USD"">
<input type=""image"" src=""../images2/addcart.png"" border=""0"" name=""submit"" alt=""PayPal - The safer easier way to pay online!"">
<img alt="""" border=""0"" src=""https://www.paypalobjects.com/en_US/i/scr/pixel.gif"" width=""1"" height=""1"">
</form>
"
3,0,cute monkey hat&scarf,Handmade Baby Toddler Monkey  (Scarf + hat) $16-$17,children/hat/small/monkey-small.png,children/hat/big/monkey-big.png,0,0,16,16.5,16.8,0,0,"<form target=""paypal"" action=""https://www.paypal.com/cgi-bin/webscr"" method=""post"">
<input type=""hidden"" name=""cmd"" value=""_s-xclick"">
<input type=""hidden"" name=""hosted_button_id"" value=""MYZ4APVEV3C2Q"">
<table>
<tr><td><input type=""hidden"" name=""on0"" value=""sizes"">sizes</td></tr><tr><td><select name=""os0"">
 <option value=""12-24months"">12-24months $16.00 USD</option>
 <option value=""2-3years"">2-3years $16.50 USD</option>
 <option value=""3-5years"">3-5years $16.80 USD</option>
</select> </td></tr>
</table>
<input type=""hidden"" name=""currency_code"" value=""USD"">
<input type=""image"" src=""../images2/addcart.png"" border=""0"" name=""submit"" alt=""PayPal - The safer  easier way to pay online!"">
<img alt="""" border=""0"" src=""https://www.paypalobjects.com/en_US/i/scr/pixel.gif"" width=""1"" height=""1"">
</form>
"
4,0,lillte bee hat&scarf,Handmade honey Bee Hat With Scarf Warmer Set $15.8-$16.3,children/hat/small/bee-small.png,children/hat/big/bee-big.png,0,15.8,16.3,0,0,0,0,"<form target=""paypal"" action=""https://www.paypal.com/cgi-bin/webscr"" method=""post"">
<input type=""hidden"" name=""cmd"" value=""_s-xclick"">
<input type=""hidden"" name=""hosted_button_id"" value=""JBC5U93B7LKDW"">
<table>
<tr><td><input type=""hidden"" name=""on0"" value=""sizes"">sizes</td></tr><tr><td><select name=""os0"">
 <option value=""6-12months"">6-12months $15.80 USD</option>
 <option value=""12-24months"">12-24months $16.30 USD</option>
</select> </td></tr>
</table>
<input type=""hidden"" name=""currency_code"" value=""USD"">
<input type=""image"" src=""../images2/addcart.png"" border=""0"" name=""submit"" alt=""PayPal - The safer  easier way to pay online!"">
<img alt="""" border=""0"" src=""https://www.paypalobjects.com/en_US/i/scr/pixel.gif"" width=""1"" height=""1"">
</form>
"
5,0,cute soft velboa hat,Beanie Girls/Boys Cap Winter Hat Warmer Knitted Pompon Covering $12-$13,children/hat/small/CUTEBABY-small.jpg,children/hat/big/CUTEBABY-BIG.png,0,0,12,13,0,0,0,"<form target=""paypal"" action=""https://www.paypal.com/cgi-bin/webscr"" method=""post"">
<input type=""hidden"" name=""cmd"" value=""_s-xclick"">
<input type=""hidden"" name=""hosted_button_id"" value=""ZG3WGF94HRTCA"">
<table>
<tr><td><input type=""hidden"" name=""on0"" value=""sizes"">sizes</td></tr><tr><td><select name=""os0"">
 <option value=""12-24months"">12-24months $12.00 USD</option>
 <option value=""2-3years"">2-3years $13.00 USD</option>
</select> </td></tr>
</table>
<input type=""hidden"" name=""currency_code"" value=""USD"">
<input type=""image"" src=""../images2/addcart.png"" border=""0"" name=""submit"" alt=""PayPal - The safer  easier way to pay online!"">
<img alt="""" border=""0"" src=""https://www.paypalobjects.com/en_US/i/scr/pixel.gif"" width=""1"" height=""1"">
</form>
"
7,0,cute bear hat&scarf,Handmade cute bear Knitting sets(Scarf + hat) $17.5-$18.3,children/hat/small/bear-small.jpg,children/hat/big/bear-big.png,0,19.3,19.8,0,0,0,0,"<form target=""paypal"" action=""https://www.paypal.com/cgi-bin/webscr"" method=""post"">
<input type=""hidden"" name=""cmd"" value=""_s-xclick"">
<input type=""hidden"" name=""hosted_button_id"" value=""7KTJ5XQ85YF2J"">
<table>
<tr><td><input type=""hidden"" name=""on0"" value=""sizes"">sizes</td></tr><tr><td><select name=""os0"">
 <option value=""6-12months"">6-12months $19.30 USD</option>
 <option value=""12-24months"">12-24months $19.80 USD</option>
</select> </td></tr>
</table>
<input type=""hidden"" name=""currency_code"" value=""USD"">
<input type=""image"" src=""../images2/addcart.png"" border=""0"" name=""submit"" alt=""PayPal - The safer   easier way to pay online!"">
<img alt="""" border=""0"" src=""https://www.paypalobjects.com/en_US/i/scr/pixel.gif"" width=""1"" height=""1"">
</form>
"
8,0,baseball hat&scarf,Handmade Baseball and multi-coloured striped design (Scarf + hat) $17.5-$18.3,children/hat/small/baseball-small.png,children/hat/big/baseball-big.png,0,17.5,18.3,0,0,0,0,"<form target=""paypal"" action=""https://www.paypal.com/cgi-bin/webscr"" method=""post"">
<input type=""hidden"" name=""cmd"" value=""_s-xclick"">
<input type=""hidden"" name=""hosted_button_id"" value=""VQXAH5UTJYP2Y"">
<table>
<tr><td><input type=""hidden"" name=""on0"" value=""sizes"">sizes</td></tr><tr><td><select name=""os0"">
 <option value=""6-12months"">6-12months $17.50 USD</option>
 <option value=""12-24months"">12-24months $18.30 USD</option>
</select> </td></tr>
</table>
<input type=""hidden"" name=""currency_code"" value=""USD"">
<input type=""image"" src=""../images2/addcart.png"" border=""0"" name=""submit"" alt=""PayPal - The safer  easier way to pay online!"">
<img alt="""" border=""0"" src=""https://www.paypalobjects.com/en_US/i/scr/pixel.gif"" width=""1"" height=""1"">
</form>
"
11,1,cool moustacke hat,$9.9  cool moustacke style Knitting Hat,children/hat/small/moustache-small.png,children/hat/big/moustache-big.png,0,9.9,9.9,9.9,9.9,0,0,"<form target=""paypal"" action=""https://www.paypal.com/cgi-bin/webscr"" method=""post"">
<input type=""hidden"" name=""cmd"" value=""_s-xclick"">
<input type=""hidden"" name=""hosted_button_id"" value=""PE2AJNZVQ3VMW"">
<table>
<tr><td><input type=""hidden"" name=""on0"" value=""sizes"">sizes</td></tr><tr><td><select name=""os0"">
 <option value=""6-12months"">6-12months $9.90 USD</option>
 <option value=""12-24months"">12-24months $9.90 USD</option>
 <option value=""2-3years"">2-3years $9.90 USD</option>
 <option value=""3-5years"">3-5years $9.90 USD</option>
</select> </td></tr>
</table>
<input type=""hidden"" name=""currency_code"" value=""USD"">
<input type=""image"" src=""../images2/addcart.png"" border=""0"" name=""submit"" alt=""PayPal - The safer, easier way to pay online!"">
<img alt="""" border=""0"" src=""https://www.paypalobjects.com/en_US/i/scr/pixel.gif"" width=""1"" height=""1"">
</form>
"
12,1,cute panda hat,$9.9  cute panda  style Knitting Hat,children/hat/small/panda-small.png,children/hat/big/panda-big.png,0,9.9,9.9,9.9,0,0,0,"<form target=""paypal"" action=""https://www.paypal.com/cgi-bin/webscr"" method=""post"">
<input type=""hidden"" name=""cmd"" value=""_s-xclick"">
<input type=""hidden"" name=""hosted_button_id"" value=""UPLAV54SZW874"">
<table>
<tr><td><input type=""hidden"" name=""on0"" value=""sizes"">sizes</td></tr><tr><td><select name=""os0"">
 <option value=""6-12months"">6-12months $9.90 USD</option>
 <option value=""12-24months"">12-24months $9.90 USD</option>
 <option value=""2-3years"">2-3years $9.90 USD</option>
</select> </td></tr>
</table>
<input type=""hidden"" name=""currency_code"" value=""USD"">
<input type=""image"" src=""../images2/addcart.png"" border=""0"" name=""submit"" alt=""PayPal - The safer  easier way to pay online!"">
<img alt="""" border=""0"" src=""https://www.paypalobjects.com/en_US/i/scr/pixel.gif"" width=""1"" height=""1"">
</form>
"
